compound0,compound1,similarity
P13647,P02538,0.8050847457627118
O00469,O60568,0.6178861788617886
P29323,P54760,0.5895734597156398
Q8IWU9,P17752,0.6775510204081633
Q9HB55,P08684,0.7654075546719682
Q99571,P51575,0.5463659147869674
P63316,P0DP25,0.5652173913043478
O15111,O14920,0.578042328042328
P47895,P00352,0.705078125
P20815,P08684,0.8469184890656064
P20815,Q9HB55,0.7693836978131213
P06435,P06434,0.6731707317073171
P0DM35,A1L3X4,0.6229508196721312
Q8N1Q1,P07451,0.5916030534351145
P00439,P17752,0.6084070796460177
P00439,Q8IWU9,0.5755102040816327
P04731,A1L3X4,0.6721311475409836
P04731,P0DM35,0.8688524590163934
Q96QD8,Q99624,0.5909090909090909
P43353,P51648,0.5649484536082474
P11532,P46939,0.5411126187245591
P62745,P63000,0.6071428571428571
P29320,P54760,0.5592705167173252
P29320,P29323,0.581042654028436
P01920,P13762,0.6466165413533834
P19652,P02763,0.9054726368159204
P09758,P16422,0.5541795665634675
P41968,P33032,0.6369230769230769
P20813,P11712,0.5478615071283096
P56373,P51575,0.5112781954887218
P56373,Q99571,0.5062972292191436
P11216,P11217,0.8434163701067615
O14556,P04406,0.5955882352941176
P49759,Q9HAZ1,0.8057851239669421
P54762,P54760,0.6251266464032421
P54762,P29323,0.7109004739336493
P54762,P29320,0.6178861788617886
Q16720,Q01814,0.83266291230893
P11362,P21802,0.7554744525547445
P13631,P10826,0.7736263736263737
Q03181,P37231,0.5683168316831683
Q9BQ31,Q96KK3,0.5152091254752852
P12277,P12532,0.6474820143884892
P43681,Q15822,0.6188197767145136
P18847,Q8WYK2,0.5414364640883977
P72524,P43700,0.5170454545454546
P01857,P01860,0.8275862068965517
Q9Y6T7,P23743,0.6082089552238806
Q6GI75,O24990,0.509090909090909
P00505,P17174,0.5325581395348837
P35908,P02538,0.6259780907668232
P35908,P13647,0.651017214397496
P05771,P17252,0.8214285714285714
P32745,P30874,0.5191387559808612
P07327,P00326,0.928
P29474,P29475,0.5432357043235704
P30996,Q00496,0.6499215070643642
P14867,P34903,0.7154471544715447
Q13509,P68371,0.9222222222222223
Q13224,Q12879,0.6057951482479784
P18505,P47870,0.751953125
P61421,Q8N8Y2,0.7122507122507122
Q92847,O43193,0.5169902912621359
P51857,P52895,0.6196319018404908
P42330,P52895,0.8792569659442725
P42330,P51857,0.5920245398773006
O00305,Q08289,0.5924242424242424
P46439,Q03013,0.8394495412844036
P54284,Q08289,0.5363636363636364
P54284,O00305,0.676923076923077
P28472,P47870,0.767578125
P28472,P18505,0.7974683544303798
Q00975,Q15878,0.6511329628046174
P23634,Q01814,0.7562349155269509
P23634,Q16720,0.7606768734891217
Q14003,Q03721,0.6169088507265522
P05154,P29622,0.5269320843091335
P11473,O75469,0.5092165898617511
Q9ULD8,Q9UQ05,0.5780240073868883
P11474,O95718,0.6374133949191686
Q92753,P35398,0.6003824091778203
Q59192,Q59961,0.716030534351145
Q9UNK4,P14555,0.5655172413793104
Q6PIU1,Q9BQ31,0.51
P17540,P12532,0.8090692124105012
P17540,P12277,0.6324582338902148
Q14643,Q14571,0.720449601160261
Q15418,Q9UK32,0.7503355704697987
Q13554,Q13557,0.6501501501501501
P30926,Q15822,0.5349716446124764
P22460,Q96RP8,0.5269168026101142
P45984,P45983,0.8220140515222483
P05181,P11712,0.6085192697768763
P05181,P20813,0.5415821501014199
O94788,P00352,0.7239382239382239
O94788,P47895,0.7104247104247104
P33527,Q92887,0.5663430420711975
Q9Z4P0,P83223,0.5486577181208053
Q99250,Q15858,0.7965087281795511
P07550,P13945,0.5108958837772397
P23415,O75311,0.8211206896551724
P01009,P29622,0.5175644028103045
P01009,P05154,0.5143540669856459
O14732,P29218,0.5625
Q9H2M3,Q93088,0.7142857142857143
Q9Y666,Q9H2X9,0.7322212467076383
Q32P28,Q8IVL6,0.5067934782608695
P08506,P0AEB3,0.6377171215880894
P32297,Q15822,0.6011342155009451
P32297,P43681,0.532695374800638
P32297,P02708,0.5386138613861386
P32297,P30926,0.5306930693069307
P05067,Q06481,0.587012987012987
O00555,Q15878,0.6324820430965682
O00555,Q00975,0.6683958499600958
P30838,P51648,0.6350515463917525
P30838,P43353,0.5662393162393162
Q16798,P23368,0.5894039735099338
Q7Z3S7,Q8IZS8,0.6147757255936676
P16502,Q809M3,0.964332892998679
P22513,P04406,0.5626740947075209
P22513,O14556,0.5220588235294118
P0C278,P83223,0.6375838926174496
P03200,P68344,0.9525909592061742
O15217,P08263,0.6171171171171171
Q08493,P27815,0.6094808126410836
P37288,P47901,0.5589622641509434
P22459,P22460,0.6064318529862175
Q9H2H9,Q99624,0.5734126984126984
Q9H2H9,Q96QD8,0.567193675889328
P05653,P43700,0.5431818181818182
P05653,P72524,0.6447688564476886
P05653,P0C1U9,0.5018270401948843
P20831,P43700,0.545556805399325
P20831,P72524,0.609673790776153
P20831,P05653,0.6355455568053994
P59796,P22352,0.7168141592920354
Q14123,Q01064,0.5204513399153737
P0DJD9,P07339,0.5097087378640777
O75912,Q13574,0.6056338028169014
P01859,P01860,0.8143236074270557
P01859,P01857,0.9090909090909091
P12931,P51451,0.6044776119402985
P18507,P14867,0.5160599571734475
Q05329,Q9Y600,0.5008547008547009
P04439,P01889,0.8602739726027397
P11168,P11166,0.5782442748091603
P01709,P01619,0.5338983050847458
P04279,Q02383,0.6494845360824743
Q6ZQY3,Q9Y600,0.6142034548944337
Q6ZQY3,Q05329,0.5025641025641026
P24298,Q8TD30,0.6692160611854685
Q30154,P13762,0.8609022556390977
Q30154,P01920,0.6654135338345865
P07195,P00338,0.7694610778443114
Q07869,P37231,0.5861386138613861
Q07869,Q03181,0.6581196581196581
P72525,P72524,0.5151883353584447
P72525,P0C1U9,0.5941676792223572
Q96L34,Q7KZI7,0.6142131979695431
P17787,Q15822,0.5444234404536862
P17787,P30926,0.6812749003984063
P17787,P32297,0.5405940594059406
Q9BW92,P26639,0.5629322268326418
Q9UHD2,Q14164,0.5692729766803841
Q92918,Q12851,0.5258103241296519
P18089,P18825,0.5844155844155844
P35372,P41143,0.6325
Q969I3,Q8WU03,0.5496688741721855
Q9H4B7,P68371,0.7915742793791575
Q9H4B7,Q13509,0.7893569844789357
P16389,Q96RP8,0.6232464929859719
P16389,P22460,0.6133768352365416
P16389,P22459,0.5849923430321593
Q13936,Q13698,0.6132372805042774
P61182,P61177,0.5701754385964912
P14416,P35462,0.5869074492099323
P02745,P02747,0.5020408163265306
Q9NYP7,Q9NXB9,0.6254180602006689
P16473,P23945,0.5366492146596858
Q49184,P0C002,0.9858657243816255
P54750,Q01064,0.625
P54750,Q14123,0.5585331452750353
Q9UNX9,Q14500,0.6284403669724771
P07711,P25774,0.5465465465465466
P63027,P23763,0.8220338983050848
O00341,P48664,0.574468085106383
P29317,P54760,0.5379939209726444
P29317,P29323,0.5345971563981042
P29317,P29320,0.5686673448626653
P29317,P54762,0.5579268292682927
P04083,P12429,0.5260115606936416
P19480,P35340,0.9558541266794626
P48167,O75311,0.5331991951710262
P48167,P23415,0.5150905432595574
Q04771,P36894,0.543233082706767
Q9Y6E0,Q9P289,0.7110609480812641
Q09093,P80342,0.65
P35590,Q02763,0.554481546572935
P07101,Q8IWU9,0.5151515151515151
P07101,P00439,0.5113636363636364
Q96L42,Q9UQ05,0.6034327009936766
Q96L42,Q9ULD8,0.5754290876242095
Q8IVH8,Q12851,0.5760626398210291
Q8IVH8,Q92918,0.5111856823266219
P40394,P00326,0.6839378238341969
P40394,P07327,0.6761658031088082
Q92806,Q14500,0.5334872979214781
Q92806,Q9UNX9,0.5275229357798165
P20648,P50993,0.6657004830917874
Q9NZK7,P14555,0.5833333333333334
Q9Y2U5,Q99759,0.7028753993610224
P55011,Q13621,0.6295379537953796
P09601,P30519,0.5063291139240507
P36897,P36894,0.5620300751879699
P36897,Q04771,0.5677799607072691
P08588,P13945,0.5429769392033543
P08588,P07550,0.5220125786163522
P07948,P51451,0.64453125
P07948,P12931,0.5932835820895522
Q99259,Q05329,0.6801346801346801
Q99259,Q6ZQY3,0.5117845117845118
Q7RTV2,P08263,0.9009009009009009
Q7RTV2,O15217,0.6036036036036037
P07864,P00338,0.7650602409638554
P07864,P07195,0.7245508982035929
Q93083,A1L3X4,0.7049180327868853
Q93083,P0DM35,0.8688524590163934
Q93083,P04731,0.9180327868852459
P25713,A1L3X4,0.5147058823529411
P25713,P0DM35,0.6323529411764706
P25713,P04731,0.6764705882352942
P25713,Q93083,0.6911764705882353
Q8NER1,Q9Y5S1,0.5137067938021455
P43166,P07451,0.5340909090909091
P43166,Q8N1Q1,0.5871212121212122
Q9NSA0,Q96S37,0.5949367088607594
Q9NPD5,Q9Y6L6,0.8005698005698005
P55017,Q13621,0.5677888989990901
P55017,P55011,0.5181518151815182
Q9H2S1,Q9UGI6,0.6183310533515732
P62508,O95718,0.7554585152838428
P62508,P11474,0.5982532751091703
Q96NX5,Q8IU85,0.592436974789916
Q02809,O60568,0.6300813008130082
Q02809,O00469,0.6322930800542741
P23975,P30531,0.5186385737439222
P30939,P28222,0.5564102564102564
P00325,P00326,0.9466666666666667
P00325,P07327,0.936
P00325,P40394,0.689119170984456
P09210,P08263,0.9504504504504504
P09210,O15217,0.6126126126126126
P09210,Q7RTV2,0.8873873873873874
P48039,P49286,0.6187845303867403
P15328,P41439,0.7315175097276264
P80748,P01619,0.5555555555555556
P80748,P01709,0.5847457627118644
P28566,P28222,0.541025641025641
P28566,P30939,0.6174863387978142
Q14831,O00222,0.7530054644808744
Q9UEW8,O95747,0.7394495412844037
P04733,A1L3X4,0.639344262295082
P04733,P0DM35,0.8524590163934426
P04733,P04731,0.8688524590163934
P04733,Q93083,0.8852459016393442
P04733,P25713,0.6911764705882353
Q14541,P41235,0.6751054852320675
Q9Y5S8,P04839,0.6456140350877193
Q99677,P43657,0.5648648648648649
Q8WXA8,Q70Z44,0.6233480176211453
P35218,Q9Y2D0,0.6246056782334385
P05787,P02538,0.5957446808510638
P05787,P13647,0.576271186440678
P80303,Q02818,0.6073752711496746
P25100,P35368,0.5454545454545454
P06213,P14616,0.5694645441389291
P04732,A1L3X4,0.6885245901639344
P04732,P0DM35,0.8852459016393442
P04732,P04731,0.9344262295081968
P04732,Q93083,0.9508196721311475
P04732,P25713,0.7058823529411765
P04732,P04733,0.9344262295081968
P03366,P04585,0.9834139599170698
P21709,P29320,0.5178026449643948
P21709,P54762,0.5091463414634146
P21709,P29317,0.5706967213114754
Q9BQB6,Q8N0U8,0.5170454545454546
Q96IY4,P15086,0.524822695035461
P08913,P18825,0.6258064516129033
P08913,P18089,0.5849462365591398
P48050,Q14500,0.6786516853932584
P48050,Q9UNX9,0.6
P47869,P34903,0.6991869918699187
P47869,P14867,0.7894736842105263
P47869,P18507,0.5010706638115632
P31994,P31995,0.8606811145510835
O95670,O75348,0.6694915254237288
Q07343,P27815,0.6275395033860045
Q07343,Q08493,0.6752717391304348
Q86V86,P11309,0.6932515337423313
P14207,P41439,0.788235294117647
P14207,P15328,0.754863813229572
P25101,P24530,0.6131221719457014
Q9UBN1,Q9Y698,0.6422018348623854
P51812,Q9UK32,0.7973154362416107
P51812,Q15418,0.8216216216216217
P14625,P07900,0.5205479452054794
Q04828,P52895,0.978328173374613
Q04828,P51857,0.6257668711656442
Q04828,P42330,0.8885448916408669
P10844,Q60393,0.6252891287586738
Q13393,O14939,0.5400372439478585
P01861,P01860,0.8010610079575596
P01861,P01857,0.9121212121212121
P01861,P01859,0.9204892966360856
Q9NR97,Q9NYK1,0.5042897998093422
Q93086,Q99571,0.533175355450237
Q9UKE5,O95819,0.7029411764705882
P31152,Q16659,0.5284327323162274
P0C0L4,P0C0L5,0.9942660550458715
Q9UL54,Q7L7X3,0.5587044534412956
P48448,P43353,0.7029914529914529
Q8TC12,Q8NBN7,0.5438066465256798
P80294,A1L3X4,0.639344262295082
P80294,P0DM35,0.9508196721311475
P80294,P04731,0.9016393442622951
P80294,Q93083,0.9016393442622951
P80294,P25713,0.6617647058823529
P80294,P04733,0.8688524590163934
P80294,P04732,0.9180327868852459
P35346,P30874,0.5826558265582655
P35346,P32745,0.5741626794258373
P05543,P29622,0.5081967213114754
P05543,P01009,0.5095693779904307
P09488,Q03013,0.8761467889908257
P09488,P46439,0.8853211009174312
P49190,Q03431,0.5413153456998314
P27797,Q96L12,0.5323741007194245
O43837,P50213,0.5142857142857142
P31943,P31942,0.5367483296213809
Q86UW7,Q9ULU8,0.7723577235772358
P17516,P52895,0.8235294117647058
P17516,P51857,0.5950920245398773
P17516,P42330,0.8452012383900929
P17516,Q04828,0.8359133126934984
Q9H2G2,O94804,0.5287449392712551
P22607,P21802,0.7064555420219245
P22607,P11362,0.6776155717761557
Q01959,P30531,0.5145161290322581
Q01959,P23975,0.7032258064516129
P02746,P02747,0.5533596837944664
Q92952,Q9UGI6,0.560875512995896
Q92952,Q9H2S1,0.696027633851468
P0AD63,Q9F663,0.5187713310580204
P27448,Q7KZI7,0.699238578680203
P27448,Q96L34,0.6852589641434262
P49841,P49840,0.6997929606625258
P05091,P00352,0.6827852998065764
P05091,P47895,0.6750483558994197
P05091,O94788,0.6833976833976834
P02585,P0DP25,0.55
P02585,P63316,0.6770186335403726
P41231,P51582,0.5941644562334217
O60218,P52895,0.5541795665634675
O60218,P51857,0.5705521472392638
O60218,P42330,0.5386996904024768
O60218,Q04828,0.5479876160990712
O60218,P17516,0.544891640866873
Q6YP21,Q16773,0.5352422907488987
P22001,Q96RP8,0.5669565217391305
P22001,P22460,0.6492659053833605
P22001,P22459,0.6217457886676876
P22001,P16389,0.6956521739130435
Q00266,P31153,0.8481012658227848
P35913,P51160,0.6701631701631702
Q8NHE4,O15342,0.7530864197530864
P15313,P21281,0.8615984405458089
Q9ZK53,P61949,0.5170454545454546
Q9ZK53,P0A3D9,0.5058823529411764
P35348,P35368,0.5384615384615384
O75116,Q13464,0.6851585014409222
P53667,P53671,0.5919629057187017
Q02641,Q08289,0.656060606060606
Q02641,O00305,0.6304347826086957
Q02641,P54284,0.5785953177257525
Q9H2K8,Q7L7X3,0.6823176823176823
P07437,P68371,0.9797752808988764
P07437,Q13509,0.92
P07437,Q9H4B7,0.7893569844789357
O95907,O15427,0.5932539682539683
P42685,P51451,0.5287128712871287
P42685,P12931,0.5335820895522388
P42685,P07948,0.533203125
P43405,P43403,0.5826771653543307
P11766,P00326,0.6586666666666666
P11766,P07327,0.6666666666666666
P11766,P40394,0.6269430051813472
P11766,P00325,0.6613333333333333
P31645,P23975,0.5571428571428572
P31645,Q01959,0.5476190476190477
Q9HBH9,Q9BUB5,0.6838709677419355
Q96KS0,Q9GZT9,0.5446009389671361
Q14654,Q14500,0.5011547344110855
Q14654,Q92806,0.5190839694656488
P62580,P00484,0.5114155251141552
P09769,P51451,0.5879017013232514
P09769,P12931,0.6958955223880597
P09769,P07948,0.5935727788279773
P09769,P42685,0.5311909262759924
P18925,P09063,0.5052410901467506
P62594,P0AD63,0.6783216783216783
P49448,P00367,0.9587813620071685
Q05486,P24024,0.8505338078291815
Q06830,P32119,0.7738693467336684
P43220,P47871,0.5429769392033543
P0AD64,Q9F663,0.5187713310580204
P0AD64,P0AD63,1.0
P0AD64,P62594,0.6783216783216783
Q8N4C8,O95819,0.6884384384384384
Q8N4C8,Q9UKE5,0.7073529411764706
Q6ZMR3,P00338,0.7409638554216867
Q6ZMR3,P07195,0.6796407185628742
Q6ZMR3,P07864,0.6897590361445783
P47944,P0DM35,0.6290322580645161
P47944,P04731,0.6451612903225806
P47944,Q93083,0.6290322580645161
P47944,P25713,0.5735294117647058
P47944,P04733,0.6129032258064516
P47944,P04732,0.6451612903225806
P47944,P80294,0.6612903225806451
O95180,O43497,0.6436684896928901
Q14524,Q15858,0.6681547619047619
Q14524,Q99250,0.689484126984127
Q05940,P54219,0.6704761904761904
Q9UI32,O94925,0.6591928251121076
P43004,P48664,0.5487804878048781
P43004,O00341,0.5296167247386759
P36507,Q02750,0.825
P54764,P54760,0.5724417426545086
P54764,P29323,0.604739336492891
P54764,P29320,0.6795131845841785
P54764,P54762,0.6399594320486816
P54764,P29317,0.5831643002028397
P54764,P21709,0.5202839756592292
Q9QNF7,P03176,0.9867021276595744
Q9UQM7,Q13557,0.843687374749499
Q9UQM7,Q13554,0.6261261261261262
Q02156,P17252,0.5115332428765265
Q02156,P05771,0.5183175033921302
P78348,Q16515,0.6856060606060606
P13196,P22557,0.6203125
P17658,Q96RP8,0.6219281663516069
P17658,P22460,0.6231647634584013
P17658,P22459,0.5620214395099541
P17658,P16389,0.7013232514177694
P17658,P22001,0.6695652173913044
P11229,P20309,0.5322033898305085
P35367,P70174,0.8073770491803278
P29034,P06703,0.5204081632653061
P00918,P07451,0.6153846153846154
P00918,Q8N1Q1,0.6221374045801527
P00918,P43166,0.5833333333333334
Q93050,Q9HBG4,0.6654761904761904
Q9F0J6,Q9FDN7,0.5174129353233831
P36896,P36894,0.5676691729323309
P36896,Q04771,0.5756385068762279
P36896,P36897,0.7326732673267327
P08912,P20309,0.5694915254237288
P08912,P11229,0.5639097744360902
Q99712,P78508,0.6596306068601583
P78356,Q8TBX8,0.6959619952494062
Q8N339,A1L3X4,0.6065573770491803
Q8N339,P0DM35,0.7704918032786885
Q8N339,P04731,0.819672131147541
Q8N339,Q93083,0.819672131147541
Q8N339,P25713,0.6176470588235294
Q8N339,P04733,0.819672131147541
Q8N339,P04732,0.8524590163934426
Q8N339,P80294,0.8032786885245902
Q8N339,P47944,0.5967741935483871
O43293,Q9UIK4,0.5814977973568282
O43525,Q9NR82,0.5300429184549357
P0AD65,P44469,0.6113671274961597
P67775,P62714,0.9741100323624595
O00141,Q96BR1,0.6209677419354839
Q14697,Q8TET4,0.548728813559322
P27986,Q92569,0.505524861878453
P27986,O00459,0.6538461538461539
P36404,P84077,0.5543478260869565
Q9P0L2,Q7KZI7,0.730817610062893
Q9P0L2,Q96L34,0.610062893081761
Q9P0L2,P27448,0.7345911949685534
Q06418,P30530,0.5223713646532439
P30825,P52569,0.6443768996960486
P31391,P30874,0.5077319587628866
P31391,P32745,0.5191387559808612
P31391,P41143,0.5051546391752577
P31391,P35346,0.5592783505154639
Q99928,P78334,0.5158102766798419
Q99928,P18507,0.7002141327623126
P07333,P10721,0.5133196721311475
P13640,A1L3X4,0.6612903225806451
P13640,P0DM35,0.8709677419354839
P13640,P04731,0.8870967741935484
P13640,Q93083,0.9032258064516129
P13640,P25713,0.6764705882352942
P13640,P04733,0.9193548387096774
P13640,P04732,0.9193548387096774
P13640,P80294,0.8870967741935484
P13640,P47944,0.6451612903225806
P13640,Q8N339,0.8064516129032258
P08729,P02538,0.5921985815602837
P08729,P13647,0.5711864406779661
P08729,P05787,0.6563146997929606
P08631,P51451,0.6596958174904943
P08631,P12931,0.6175373134328358
P08631,P07948,0.7224334600760456
P08631,P42685,0.5399239543726235
P08631,P09769,0.6219281663516069
P05364,P05193,0.7559055118110236
P78540,P05089,0.6073446327683616
P72161,P0AFI5,0.6838709677419355
Q9H2X6,Q9H422,0.605761316872428
Q09470,Q96RP8,0.6080808080808081
Q09470,P22460,0.5938009787928222
Q09470,P22459,0.5727411944869831
Q09470,P16389,0.8216432865731463
Q09470,P22001,0.6904347826086956
Q09470,P17658,0.6635160680529301
P42338,O00329,0.6009345794392523
P63261,P68133,0.9336870026525199
Q15118,Q16654,0.6422018348623854
Q13153,O75914,0.8193202146690519
P0A4L9,Q59961,0.5879629629629629
P0A4L9,Q59192,0.583206106870229
P08172,P11229,0.5429184549356223
P08172,P08912,0.5018796992481203
O15379,Q92769,0.5635245901639344
P80297,A1L3X4,0.639344262295082
P80297,P0DM35,0.8524590163934426
P80297,P04731,0.8524590163934426
P80297,Q93083,0.8524590163934426
P80297,P25713,0.6470588235294118
P80297,P04733,0.8524590163934426
P80297,P04732,0.8852459016393442
P80297,P80294,0.8852459016393442
P80297,P47944,0.6774193548387096
P80297,Q8N339,0.8360655737704918
P80297,P13640,0.8709677419354839
P10276,P10826,0.8008658008658008
P10276,P13631,0.7489177489177489
P28074,P28062,0.6376811594202898
P04626,Q15303,0.5481651376146789
Q15759,O15264,0.6219178082191781
Q15759,P27361,0.5145118733509235
Q9N587,Q15822,0.5482041587901701
Q9N587,P30926,0.5298804780876494
Q9N587,P32297,0.5445544554455446
Q9N587,P17787,0.5517928286852589
P80075,P13500,0.7070707070707071
P48544,Q14500,0.5173210161662818
P48544,P48549,0.530938123752495
P48544,Q9UNX9,0.5114678899082569
P48544,Q92806,0.6801909307875895
P48544,P48050,0.5078651685393258
Q16832,Q08345,0.5761226725082147
Q9UF33,P54760,0.5453667953667953
Q9UF33,P29323,0.576303317535545
Q9UF33,P29320,0.6476833976833977
Q9UF33,P54762,0.5791505791505791
Q9UF33,P29317,0.5444015444015444
Q9UF33,P54764,0.6235521235521235
Q13370,Q14432,0.551270815074496
Q23022,Q15822,0.5066162570888468
Q23022,P30926,0.5225048923679061
Q23022,P32297,0.5068493150684932
Q23022,P17787,0.512720156555773
Q23022,Q9N587,0.5929549902152642
Q6V0L0,O43174,0.5287356321839081
P52564,P46734,0.7896253602305475
P22888,P23945,0.5836909871244635
P22888,P16473,0.5523560209424084
P94692,P52647,0.5251623376623377
P23297,P06703,0.5212765957446809
P23297,P04271,0.6276595744680851
P23297,P25815,0.5473684210526316
P23297,P29034,0.5408163265306123
P01911,P13762,0.8759398496240601
P01911,P01920,0.6466165413533834
P01911,Q30154,0.8947368421052632
Q16539,O15264,0.6301369863013698
Q16539,P27361,0.5171503957783641
Q16539,Q15759,0.7527472527472527
P9WGY7,P0A8T7,0.535181236673774
Q56691,P17117,0.5791666666666667
P18405,P31213,0.5752895752895753
Q96D53,Q8NI60,0.5193199381761978
Q16584,Q02779,0.5440251572327044
P12268,P20839,0.8463035019455253
Q8WXS5,Q9Y698,0.5129411764705882
Q8WXS5,Q9UBN1,0.5341176470588235
O75715,P22352,0.7079646017699115
O75715,P59796,0.7013574660633484
Q14722,Q13303,0.7088305489260143
Q04759,Q02156,0.5047489823609227
P18640,P19321,0.6003098373353989
Q9UPY5,Q9UHI5,0.502803738317757
Q9UK17,Q9NSA2,0.6854961832061068
P02792,P02794,0.5901639344262295
P79483,P13762,0.849624060150376
P79483,P01920,0.6428571428571429
P79483,Q30154,0.8796992481203008
P79483,P01911,0.8909774436090225
P43003,P48664,0.700354609929078
P43003,O00341,0.5857142857142857
P43003,P43004,0.5487804878048781
O15382,P54687,0.6020408163265306
Q15842,Q14654,0.6863207547169812
P49619,P23743,0.5764854614412137
P49619,Q9Y6T7,0.6616915422885572
P11802,Q00534,0.6687116564417178
Q9Y463,Q13627,0.598951507208388
P00519,P42684,0.616751269035533
P23416,O75311,0.8103448275862069
P23416,P23415,0.7899343544857768
P23416,P48167,0.5251509054325956
P14550,P52895,0.5107692307692308
P14550,P51857,0.5122699386503068
P14550,Q04828,0.5138461538461538
P14550,O60218,0.5538461538461539
P01903,P01906,0.5764705882352941
P06241,P51451,0.6089385474860335
P06241,P12931,0.7337057728119181
P06241,P07948,0.6052141527001862
P06241,P42685,0.5363128491620112
P06241,P09769,0.7355679702048417
P06241,P08631,0.633147113594041
Q92911,Q9Y289,0.5116640746500778
P06310,P01619,0.625
P06310,P01709,0.5083333333333333
P06310,P80748,0.5166666666666667
Q9Y478,O43741,0.7389705882352942
P43005,P48664,0.5567375886524822
P43005,O00341,0.5446428571428571
P43005,P43004,0.5505226480836237
P43005,P43003,0.5940959409594095
P00915,P07451,0.578544061302682
P00915,Q8N1Q1,0.6259541984732825
P00915,P43166,0.5681818181818182
P00915,P00918,0.6398467432950191
P31644,P34903,0.717479674796748
P31644,P14867,0.7489177489177489
P31644,P18507,0.5074946466809421
P31644,P47869,0.7489177489177489
P31644,Q99928,0.5053533190578159
P0AEB2,P0AEB3,1.0
P0AEB2,P08506,0.6377171215880894
P10828,P10827,0.6489795918367347
P35237,P29508,0.5333333333333333
P21266,Q03013,0.7111111111111111
P21266,P46439,0.7022222222222222
P21266,P09488,0.7111111111111111
Q05655,P17252,0.5088757396449705
Q05655,P05771,0.522189349112426
Q05655,Q04759,0.660056657223796
P50453,P29508,0.5307692307692308
P50453,P35237,0.6595744680851063
Q14573,Q14571,0.6990003702332469
Q14573,Q14643,0.6635242929659173
Q16772,P08263,0.9054054054054054
Q16772,O15217,0.6126126126126126
Q16772,Q7RTV2,0.8603603603603603
Q16772,P09210,0.8873873873873874
P31415,O14958,0.6616541353383458
Q969P6,P11387,0.5620915032679739
P29322,P54760,0.5383084577114428
P29322,P29323,0.5469194312796208
P29322,P29320,0.6069651741293532
P29322,P54762,0.5711442786069652
P29322,P29317,0.5422885572139303
P29322,P54764,0.609950248756219
P29322,Q9UF33,0.5965250965250966
Q9H244,Q9BPV8,0.5141242937853108
Q9NYY3,Q9H4B4,0.5591240875912409
P04818,P12461,0.6444444444444445
P05023,P50993,0.8768328445747801
P05023,P20648,0.6647342995169082
P21283,Q8NEY4,0.585480093676815
P41145,P41143,0.6578947368421053
P41145,P35372,0.6375
O00238,P36894,0.7161654135338346
O00238,Q04771,0.5717092337917485
O00238,P36897,0.5924453280318092
O00238,P36896,0.5861386138613861
Q96S86,P10915,0.5611111111111111
P0DP24,P0DP25,1.0
P0DP24,P63316,0.5652173913043478
P0DP24,P02585,0.55
P02533,P08779,0.8583509513742071
P0A0N5,P0A0N4,1.0
Q15391,Q9H244,0.5292397660818714
P41407,P63462,0.8706467661691543
P21817,Q92736,0.685192536720921
P30626,P28676,0.5944700460829493
Q82122,P04936,0.816999535531816
P16499,P51160,0.6744186046511628
P16499,P35913,0.7430232558139535
Q9HBH5,Q8NBN7,0.5416666666666666
P35527,P35908,0.5101721439749609
P08559,P29803,0.8589743589743589
P01130,P98155,0.5601374570446735
P00390,P06715,0.5268199233716475
Q9HBA0,Q8NER1,0.5269804822043628
Q96RR4,Q8N5S9,0.5731292517006803
P39086,Q13003,0.7486398258977149
P20586,P00438,0.9949238578680203
O75746,Q9UJS0,0.7876106194690266
P00374,P00378,0.746031746031746
Q6MZM0,P00450,0.5306298533218292
P08069,P14616,0.590343818580834
P08069,P06213,0.6309696092619392
P00797,P07339,0.5024271844660194
Q8WY07,P52569,0.6170212765957447
Q8WY07,O43246,0.5023622047244094
Q8WY07,P30825,0.6502384737678856
P28482,P27361,0.8284960422163589
P28482,Q15759,0.5164835164835165
P28482,Q16539,0.5333333333333333
Q01118,Q15858,0.5382293762575453
Q01118,Q99250,0.5157107231920199
P0DMS8,P30542,0.5460122699386503
Q9H252,Q9UQ05,0.5004916420845624
Q9H252,Q12809,0.6229508196721312
Q01726,P33032,0.5323076923076923
Q01726,P41968,0.544891640866873
P06881,P10092,0.890625
P0CG29,P0CG30,0.9959016393442623
P31350,Q7LG56,0.7352185089974294
P9WNL9,P9WNL7,0.5309653916211293
P11485,P06818,0.5234042553191489
P05141,P12236,0.9194630872483222
P04629,Q16288,0.5589988081048868
O95864,O60427,0.668918918918919
O43451,P14410,0.6273559504577275
Q99456,P08779,0.6174089068825911
Q99456,P02533,0.6153846153846154
P48048,P78508,0.5242966751918159
P48048,Q99712,0.5217391304347826
P10415,Q07817,0.5188284518828452
Q9GZZ6,Q9UGM1,0.5762004175365344
Q06033,P19827,0.5971459934138309
P30872,P30874,0.5345268542199488
P30872,P32745,0.5047846889952153
P30872,P35346,0.5421994884910486
P30872,P31391,0.649616368286445
P48163,P23368,0.5907534246575342
P48163,Q16798,0.6986754966887417
Q9UJ96,Q8TDN1,0.5684007707129094
Q01234,P38489,0.8847926267281107
O15197,P54760,0.5034280117531832
O15197,P29323,0.5165876777251185
O15197,P54762,0.5426052889324192
P63252,Q14500,0.7367205542725174
P63252,Q9UNX9,0.6444954128440367
P63252,Q92806,0.5175644028103045
P63252,P48050,0.6404494382022472
P63252,Q14654,0.5035128805620609
P63252,P48544,0.5409836065573771
Q16099,Q16478,0.710204081632653
P11142,P11021,0.6605504587155964
P06239,P51451,0.6483300589390962
P06239,P12931,0.5914179104477612
P06239,P07948,0.685546875
P06239,P42685,0.5402750491159135
P06239,P09769,0.5784499054820416
P06239,P08631,0.6787072243346007
P06239,P06241,0.595903165735568
Q9NPC2,O14649,0.6472081218274112
P48169,P34903,0.5740072202166066
P48169,P14867,0.5523465703971119
P48169,P47869,0.5469314079422383
P48169,P31644,0.5505415162454874
O15270,Q9NUV7,0.7206405693950177
P35499,Q15858,0.6780684104627767
P35499,Q99250,0.6957605985037406
P35499,Q14524,0.6547619047619048
P35499,Q01118,0.5359477124183006
P56524,Q8WUI4,0.5498154981549815
P05164,P11678,0.7046979865771812
P02458,P02461,0.660390047074647
Q4U2R8,Q96S37,0.5275310834813499
Q4U2R8,Q9NSA0,0.5168738898756661
P0A0K8,Q59961,0.5765069551777434
P0A0K8,Q59192,0.5755725190839694
P0A0K8,P0A4L9,0.6743827160493827
Q13547,Q92769,0.8668032786885246
Q13547,O15379,0.5767634854771784
P16220,P18846,0.6085626911314985
P0DP23,P0DP25,1.0
P0DP23,P63316,0.5652173913043478
P0DP23,P02585,0.55
P0DP23,P0DP24,1.0
Q9UKV0,Q8WUI4,0.5390702274975272
Q9UKV0,P56524,0.6097785977859779
P21453,Q99500,0.5759162303664922
P68366,Q9H4B7,0.5011086474501109
P30988,Q16602,0.5928270042194093
P80511,P25815,0.5052631578947369
P80511,P05109,0.5161290322580645
P80511,P23297,0.5106382978723404
P07332,P16591,0.5863746958637469
P41594,Q13255,0.6584158415841584
P08637,O75015,0.8937007874015748
Q9GZR5,Q9NXB9,0.5031847133757962
P55055,Q13133,0.6760869565217391
Q79FX6,P9WPB5,0.5827814569536424
P07355,P12429,0.5250737463126843
P07355,P04083,0.569364161849711
P13645,P08779,0.5582191780821918
P13645,P02533,0.5496575342465754
P13645,P35527,0.6436597110754414
P13645,Q99456,0.5256849315068494
P05327,P00914,0.5041322314049587
P22694,P17612,0.9316239316239316
Q8IYT8,O75385,0.6038095238095238
Q9P0X4,O43497,0.5999158603281447
Q9P0X4,O95180,0.6221844453888653
P10632,P11712,0.789795918367347
P10632,P20813,0.5621181262729125
P10632,P05181,0.6064908722109533
P02786,Q9UP52,0.5006242197253433
P30559,P47901,0.5566037735849056
P30559,P37288,0.5526315789473685
Q16445,P34903,0.6056910569105691
Q16445,P14867,0.6403508771929824
Q16445,P18507,0.5182012847965739
Q16445,P47869,0.6423841059602649
Q16445,Q99928,0.5289079229122056
Q16445,P31644,0.6255411255411255
Q16445,P48169,0.6516245487364621
Q8IVL5,Q8IVL6,0.5027173913043478
Q8IVL5,Q32P28,0.5516304347826086
Q13488,Q9HBG4,0.5726190476190476
Q13488,Q93050,0.5555555555555556
Q96GA7,P20132,0.6322188449848024
Q08499,P27815,0.6444695259593679
Q08499,Q08493,0.6674907292954264
Q08499,Q07343,0.6909765142150803
P00740,P00742,0.5081967213114754
Q86UE8,Q9UKI8,0.7551813471502591
P30837,P00352,0.6576402321083172
P30837,P47895,0.6499032882011605
P30837,O94788,0.6756756756756757
P30837,P05091,0.7601547388781431
Q9NZV8,Q9NSA2,0.7017001545595054
Q9NZV8,Q9UK17,0.7572519083969466
Q9NYR8,P14061,0.5060975609756098
O94768,Q9UEE5,0.5507246376811594
P15121,P52895,0.5479876160990712
P15121,P51857,0.5460122699386503
P15121,P42330,0.5386996904024768
P15121,Q04828,0.541795665634675
P15121,P17516,0.541795665634675
P15121,O60218,0.7310126582278481
P15121,P14550,0.5446153846153846
Q9NS40,Q12809,0.6446488294314381
Q9NS40,Q9H252,0.5827759197324415
P21397,P27338,0.7324478178368121
P53985,O15427,0.506
P53985,O95907,0.5079365079365079
Q9UHW9,Q9H2X9,0.7182608695652174
Q9UHW9,Q9Y666,0.6947826086956522
P42262,P42263,0.7449664429530202
Q9NY47,P54289,0.5921739130434782
Q75N90,P35556,0.6768543956043956
Q13555,Q13557,0.7724014336917563
Q13555,Q13554,0.7267267267267268
Q13555,Q9UQM7,0.7329749103942652
O95259,Q8NCM2,0.7684529828109201
P46059,Q16348,0.5596707818930041
P10340,P61949,0.5170454545454546
P10340,P0A3D9,0.7
Q13002,Q13003,0.7910772578890098
Q13002,Q16478,0.5040816326530613
Q13002,P39086,0.7777777777777778
P56696,Q9NR82,0.5053648068669528
P56696,P51787,0.5122302158273381
Q96A05,P36543,0.7831858407079646
P0A7R5,Q5SHN7,0.5714285714285714
O43526,Q9NR82,0.5450643776824035
O43526,O43525,0.555045871559633
O43526,P56696,0.5172018348623854
Q00537,Q00536,0.7131931166347992
P00533,Q15303,0.558868501529052
P00533,P04626,0.5665338645418326
P43702,P0AFI2,0.7207446808510638
P00811,P05193,0.7769028871391076
P00811,P05364,0.7165354330708661
P52333,O60674,0.5468197879858657
P51679,P51681,0.55
P42680,P42681,0.5388272583201268
P42680,P51813,0.5155555555555555
P05129,P17252,0.7245337159253945
P05129,P05771,0.7087517934002869
P0DTD1,P0C6X7,0.8723224351747464
P13637,P50993,0.8754901960784314
P13637,P20648,0.6714975845410628
P13637,P05023,0.8709677419354839
Q14833,O00222,0.7598684210526315
Q14833,Q14831,0.7158469945355191
P02452,P02461,0.67462482946794
P02452,P02458,0.7451244115669132
P28161,Q03013,0.8394495412844036
P28161,P46439,0.8256880733944955
P28161,P09488,0.8486238532110092
P28161,P21266,0.6666666666666666
P49760,Q9HAZ1,0.6132264529058116
P49760,P49759,0.6072144288577155
P49760,P49761,0.542319749216301
Q92637,P12314,0.7433155080213903
P14618,P30613,0.686411149825784
Q9Y5K3,P49585,0.7317073170731707
Q9Y487,Q9HBG4,0.5922897196261683
Q9Y487,Q93050,0.6004672897196262
Q9Y487,Q13488,0.5607476635514018
P08253,P14780,0.521923620933522
Q99808,Q14542,0.5635964912280702
P08173,P11229,0.5594989561586639
P08173,P08912,0.5244360902255639
P08173,P08172,0.6534446764091858
P53778,O15264,0.670299727520436
P53778,Q15759,0.6539509536784741
P53778,Q16539,0.6376021798365122
P20020,Q01814,0.8141592920353983
P20020,Q16720,0.8213114754098361
P20020,P23634,0.7687348912167606
Q9H228,O95977,0.507537688442211
Q9H228,P21453,0.5125628140703518
Q6ZN16,O95382,0.5338918507235338
O96013,Q9P286,0.5897079276773296
P35498,Q15858,0.7859631657541065
P35498,Q99250,0.8865107018417123
P35498,Q14524,0.6820436507936508
P35498,Q01118,0.5082130413140866
P35498,P35499,0.6839223494275759
P54756,P54760,0.5438765670202508
P54756,P29323,0.6018957345971564
P54756,P29320,0.6759884281581485
P54756,P54762,0.5891996142719382
P54756,P29317,0.5602700096432015
P54756,P21709,0.5004821600771456
P54756,P54764,0.6702025072324012
P54756,Q9UF33,0.6374156219864995
P54756,P29322,0.6171648987463838
Q15825,Q15822,0.5727788279773157
Q15825,P43681,0.5055821371610846
Q15825,P02708,0.5263157894736842
Q15825,P30926,0.5160642570281124
Q15825,P32297,0.6811881188118812
Q15825,P17787,0.5438247011952191
Q15825,Q9N587,0.5358565737051793
Q15825,Q23022,0.5048923679060665
Q16322,Q96RP8,0.5792563600782779
Q16322,P22460,0.5774877650897227
Q16322,P22459,0.5390505359877489
Q16322,P16389,0.6536203522504892
Q16322,P22001,0.6086956521739131
Q16322,P17658,0.6238185255198487
Q16322,Q09470,0.6477495107632094
P28335,P08909,0.9065217391304348
Q9Y4K4,Q12851,0.5969267139479906
Q9Y4K4,Q92918,0.5342789598108747
Q9Y4K4,Q8IVH8,0.7024608501118568
P35222,P14923,0.6991037131882202
Q92731,P03372,0.534453781512605
P24941,Q00534,0.50920245398773
P24941,P11802,0.5148514851485149
P23008,P04936,0.8205841446453408
P23008,Q82122,0.8623087621696801
P30520,Q8N142,0.7811816192560175
P98194,O75185,0.6765327695560254
P11388,Q02880,0.7115621156211562
P16234,P09619,0.538878842676311
Q8TED1,Q96SL4,0.5215311004784688
A5X5Y0,Q70Z44,0.6557017543859649
A5X5Y0,Q8WXA8,0.756578947368421
P62955,Q9UF02,0.7454545454545455
P03951,P03952,0.6206896551724138
O75874,P48735,0.6570796460176991
P05556,P05106,0.5162907268170426
P48181,Q27218,0.6528599605522682
P48181,P30926,0.5100401606425703
P62593,P0AD63,0.6783216783216783
P62593,P62594,1.0
P62593,P0AD64,0.6783216783216783
P06733,Q27655,0.7373271889400922
P06493,P24941,0.6778523489932886
Q9UM01,Q9UHI5,0.5327102803738317
Q9UM01,Q9UPY5,0.5185909980430529
P33261,P11712,0.9142857142857143
P33261,P20813,0.5315682281059063
P33261,P05181,0.6024340770791075
P33261,P10632,0.7877551020408163
Q9BYZ2,P00338,0.6535433070866141
Q9BYZ2,P07195,0.6220472440944882
Q9BYZ2,P07864,0.6299212598425197
Q9BYZ2,Q6ZMR3,0.7244094488188977
P05120,P35237,0.5060240963855421
P05120,P50453,0.5012048192771085
P08908,P28222,0.504739336492891
P80192,Q02779,0.582427536231884
P22455,P21802,0.6321559074299634
P22455,P11362,0.6289537712895377
P22455,P22607,0.6724565756823822
O60669,O15427,0.5251046025104602
O60669,P53985,0.64
P35228,P29475,0.50139470013947
P35228,P29474,0.5586034912718204
P0AES4,P43700,0.7147727272727272
P0AES4,P72524,0.5337142857142857
P0AES4,P05653,0.5611428571428572
P0AES4,P20831,0.5579302587176603
Q9UBC3,Q9Y6K1,0.5570175438596491
P48051,Q14500,0.5150115473441108
P48051,P48549,0.5269461077844312
P48051,Q92806,0.6855791962174941
P48051,P48050,0.5168539325842697
P48051,P48544,0.75177304964539
P48051,Q15842,0.5070754716981132
P48051,P63252,0.5362997658079626
P41595,P08909,0.5218295218295218
P41595,P28335,0.5322245322245323
P47989,Q06278,0.5627802690582959
Q9UQB9,Q96GD4,0.7238372093023255
P04293,P09252,0.6024291497975709
Q9Y5Y9,Q15858,0.6292756539235412
Q9Y5Y9,Q99250,0.6354114713216957
Q9Y5Y9,Q14524,0.6750992063492064
Q9Y5Y9,P35499,0.6180981595092024
Q9Y5Y9,P35498,0.6276754604280737
Q9Y619,Q9BXI2,0.8737541528239202
P15169,P16870,0.5336134453781513
P08758,P12429,0.541795665634675
P08758,P07355,0.5073746312684366
P31025,Q9NY56,0.5113636363636364
P9WNL5,P9WNL7,0.5446265938069217
P9WNL5,P9WNL9,0.5255941499085923
Q9UQL6,Q8WUI4,0.5008912655971479
Q9UQL6,P56524,0.6488413547237076
Q9UQL6,Q9UKV0,0.6078431372549019
P51553,O43837,0.5572519083969466
P19784,P68400,0.7544757033248082
P9WPB7,P9WPB5,0.5927152317880795
P9WPB7,Q79FX6,0.7665505226480837
P01011,P29622,0.5245901639344263
P01011,P05154,0.5295508274231678
P01011,P01009,0.524822695035461
P01011,P08185,0.5106382978723404
P09525,P12429,0.5758513931888545
P09525,P04083,0.5115606936416185
P09525,P07355,0.5309734513274337
P09525,P08758,0.615625
Q9NS85,O75493,0.5762195121951219
Q01718,P33032,0.5015384615384615
Q01718,P41968,0.5201238390092879
Q13131,P54646,0.778175313059034
P24462,P08684,0.8886679920477137
P24462,Q9HB55,0.7375745526838966
P24462,P20815,0.831013916500994
P18251,Q9F663,0.515358361774744
P18251,P0AD63,0.958041958041958
P18251,P62594,0.6573426573426573
P18251,P0AD64,0.958041958041958
P18251,P62593,0.6573426573426573
P39662,P24232,0.533498759305211
Q92800,Q15910,0.6961178045515395
P02795,A1L3X4,0.6557377049180327
P02795,P0DM35,0.8852459016393442
P02795,P04731,0.9016393442622951
P02795,Q93083,0.8852459016393442
P02795,P25713,0.6617647058823529
P02795,P04733,0.9180327868852459
P02795,P04732,0.9344262295081968
P02795,P80294,0.9016393442622951
P02795,P47944,0.6612903225806451
P02795,Q8N339,0.8032786885245902
P02795,P13640,0.9354838709677419
P02795,P80297,0.9180327868852459
Q9UDX3,O76054,0.7216748768472906
P10875,P68371,0.7706013363028953
P10875,Q13509,0.7555555555555555
P10875,Q9H4B7,0.6895787139689579
P10875,P07437,0.7661469933184856
O60840,Q13698,0.6246838644410724
O60840,Q13936,0.6271949572264746
Q8N568,O15075,0.6984334203655352
P06478,P03176,0.9813829787234043
P06478,Q9QNF7,0.9946808510638298
P14218,P18925,0.8472803347280334
P07438,A1L3X4,0.6557377049180327
P07438,P0DM35,0.8360655737704918
P07438,P04731,0.8524590163934426
P07438,Q93083,0.8852459016393442
P07438,P25713,0.6470588235294118
P07438,P04733,0.8524590163934426
P07438,P04732,0.9180327868852459
P07438,P80294,0.8688524590163934
P07438,P47944,0.6129032258064516
P07438,Q8N339,0.8524590163934426
P07438,P13640,0.8387096774193549
P07438,P80297,0.8688524590163934
P07438,P02795,0.8524590163934426
O60359,Q9Y698,0.7585139318885449
O60359,Q9UBN1,0.6238532110091743
P07203,P18283,0.645320197044335
Q86XP1,Q16760,0.6934426229508197
P32238,P32239,0.5391498881431768
P35968,P35916,0.5223771093176816
P35968,P17948,0.5294985250737463
K9N7C7,P0C6X7,0.5599039276631816
K9N7C7,P0DTD1,0.5569334836527621
Q16873,Q99735,0.5066666666666667
Q24940,P25774,0.5105740181268882
Q24940,P07711,0.5225225225225225
Q16620,Q16288,0.6090584028605482
Q16620,P04629,0.5644768856447688
Q9NR63,O43174,0.513671875
Q9NR63,Q6V0L0,0.578544061302682
Q71U36,P68366,0.9578713968957872
O14965,Q96GD4,0.5905707196029777
O14965,Q9UQB9,0.5508684863523573
Q15758,P43003,0.5129151291512916
P26447,P06703,0.504950495049505
P26447,P04271,0.5247524752475248
P26447,P29034,0.6237623762376238
P26447,P23297,0.5346534653465347
Q8TCU5,O60391,0.5443946188340807
Q8N1C3,P34903,0.5060975609756098
Q8N1C3,P78334,0.5019762845849802
Q8N1C3,P14867,0.5118279569892473
Q8N1C3,P18507,0.7687366167023555
Q8N1C3,P47869,0.513978494623656
Q8N1C3,Q99928,0.7173447537473233
Q8N1C3,P31644,0.5268817204301075
Q8N1C3,Q16445,0.546236559139785
P0A9Z7,Q9F663,0.5187713310580204
P0A9Z7,P0AD63,0.9965034965034965
P0A9Z7,P62594,0.6748251748251748
P0A9Z7,P0AD64,0.9965034965034965
P0A9Z7,P62593,0.6748251748251748
P0A9Z7,P18251,0.9545454545454546
P62937,P30405,0.6183574879227053
Q9NYQ3,Q9UJM8,0.5162162162162162
Q06187,P51813,0.56
Q06187,P42680,0.5842185128983308
P48058,P42263,0.7416851441241685
P48058,P42262,0.738359201773836
P29275,P30542,0.5180722891566265
P29275,P29274,0.5364077669902912
O60656,P22309,0.7335834896810507
Q16513,Q16512,0.6443089430894309
O95263,O60658,0.6666666666666666
P48029,P30531,0.537007874015748
P48029,P23975,0.5023622047244094
P07947,P51451,0.585635359116022
P07947,P12931,0.7771639042357275
P07947,P07948,0.5948434622467772
P07947,P42685,0.5174953959484346
P07947,P09769,0.716390423572744
P07947,P08631,0.6298342541436464
P07947,P06241,0.7734806629834254
P07947,P06239,0.5893186003683242
O43613,O43614,0.6891891891891891
Q9H093,O60285,0.6278366111951589
P12235,P12236,0.889261744966443
P12235,P05141,0.8993288590604027
P42261,P42263,0.7108167770419426
P42261,P42262,0.7163355408388521
P42261,P48058,0.717439293598234
P01599,P01619,0.6410256410256411
P01599,P01709,0.5423728813559322
P01599,P80748,0.5128205128205128
P01599,P06310,0.575
Q05901,Q15822,0.5330812854442344
Q05901,P02708,0.5062240663900415
Q05901,P32297,0.5108910891089109
Q05901,Q9N587,0.5139442231075697
Q05901,Q15825,0.5242914979757085
P04958,Q60393,0.5049429657794677
P04958,P10844,0.5095057034220533
P28223,P08909,0.5881104033970276
P28223,P28335,0.5796178343949044
P28223,P41595,0.5301455301455301
O95342,P08183,0.566994700984103
P00395,P33517,0.558303886925795
P35354,P23219,0.6556291390728477
O15399,Q14957,0.5770958083832335
Q9UGJ0,Q9UGI9,0.5061511423550088
P00738,P00739,0.7906403940886699
P48547,Q03721,0.6362204724409449
P48547,Q14003,0.5680317040951123
P22303,P06276,0.5700325732899023
P15153,P63000,0.9270833333333334
P15153,P62745,0.5969387755102041
P11926,Q96A70,0.5553145336225597
P16066,P20594,0.6748350612629594
P0AEK4,O24990,0.5236363636363637
P0AEK4,Q6GI75,0.5190839694656488
P17544,P15336,0.6435643564356436
P21860,Q15303,0.5603576751117735
Q14012,Q8IU85,0.7376623376623377
Q14012,Q96NX5,0.5588235294117647
Q14289,Q05397,0.5247148288973384
P18545,Q13956,0.8275862068965517
P12318,P31995,0.8668730650154799
P12318,P31994,0.7413249211356467
P30711,P0CG30,0.5901639344262295
P30711,P0CG29,0.5901639344262295
Q07699,Q9NY72,0.5779816513761468
Q96LB4,O75348,0.6016949152542372
Q96LB4,O95670,0.6101694915254238
Q8TCC7,Q9NSA0,0.5054545454545455
Q8TCC7,Q4U2R8,0.5595026642984015
Q9UP95,Q9H2X9,0.7067603160667252
Q9UP95,Q9Y666,0.7299539170506912
Q9UP95,Q9UHW9,0.7513043478260869
P30532,Q15822,0.5463137996219282
P30532,P02708,0.5124481327800829
P30532,P32297,0.5207920792079208
P30532,Q9N587,0.5039840637450199
P30532,Q15825,0.5161943319838057
P30532,Q05901,0.6923076923076923
P04264,P02538,0.6366459627329193
P04264,P13647,0.6645962732919255
P04264,P35908,0.7220496894409938
P04264,P35527,0.5232919254658385
P04264,P13645,0.5108695652173914
Q9UHQ9,P00387,0.6360655737704918
P9WN38,P9WN39,1.0
Q13177,O75914,0.774597495527728
Q13177,Q13153,0.7926605504587156
P08319,P00326,0.6289473684210526
P08319,P07327,0.6394736842105263
P08319,P40394,0.6088082901554405
P08319,P00325,0.6368421052631579
P08319,P11766,0.65
Q8DR59,Q04707,0.9944367176634215
P15056,P04049,0.5600522193211488
P32245,P33032,0.6566265060240963
P32245,P41968,0.6234939759036144
P32245,Q01726,0.5451807228915663
P32245,Q01718,0.5180722891566265
Q15375,P54760,0.5581162324649298
Q15375,P29323,0.6009478672985782
Q15375,P29320,0.6713426853707415
Q15375,P54762,0.6132264529058116
Q15375,P29317,0.5721442885771543
Q15375,P21709,0.5170340681362725
Q15375,P54764,0.6703406813627254
Q15375,Q9UF33,0.6148648648648649
Q15375,P29322,0.6179104477611941
Q15375,P54756,0.6644165863066538
P06732,P12532,0.6306954436450839
P06732,P12277,0.8162729658792651
P06732,P17540,0.6229116945107399
P34897,P34896,0.6369047619047619
Q01668,Q13698,0.6145303100416474
Q01668,Q13936,0.7109410175596578
Q01668,O60840,0.6686719111522443
Q9UQD0,Q15858,0.7494969818913481
Q9UQD0,Q99250,0.7905236907730673
Q9UQD0,Q14524,0.6810515873015873
Q9UQD0,Q01118,0.5085858585858586
Q9UQD0,P35499,0.6823232323232323
Q9UQD0,P35498,0.7824788451966153
Q9UQD0,Q9Y5Y9,0.6353535353535353
Q96NR8,Q8NBN7,0.540785498489426
Q96NR8,Q8TC12,0.7264150943396226
Q96NR8,Q9HBH5,0.5297619047619048
P01023,P20742,0.7442645074224021
P57059,Q9H0K1,0.5140388768898488
Q9UIX4,Q8TDN1,0.6146435452793835
Q9UIX4,Q9UJ96,0.5789473684210527
P23458,O60674,0.512998266897747
P23458,P29597,0.5256950294860994
P10613,P50859,0.6716697936210131
P21918,P21728,0.610062893081761
P0AD68,P45059,0.5475409836065573
Q00653,P19838,0.5196280991735537
P0A3M6,P0A3M5,1.0
P48443,P28702,0.6435272045028143
P22637,P12676,0.6068840579710145
Q05513,P41743,0.7550335570469798
P42679,P41240,0.5305719921104537
P06870,P07288,0.648854961832061
Q9NQU5,Q9P286,0.5674547983310153
Q9NQU5,O96013,0.5550660792951542
P14060,P26439,0.935656836461126
O14983,P16615,0.8157389635316699
P28221,P28222,0.6512820512820513
P28221,P30939,0.5676392572944297
P28221,P28566,0.5517241379310345
P28221,P08908,0.5023696682464455
P03472,P06818,0.5361702127659574
P03472,P11485,0.5574468085106383
Q9NY46,Q15858,0.784
Q9NY46,Q99250,0.8798004987531172
Q9NY46,Q14524,0.6904761904761905
Q9NY46,Q01118,0.509
Q9NY46,P35499,0.688
Q9NY46,P35498,0.8531607765057242
Q9NY46,Q9Y5Y9,0.632
Q9NY46,Q9UQD0,0.7755
O60706,Q09428,0.7052498418722327
Q13946,Q9NP56,0.6078838174273858
P19793,P28702,0.6679174484052532
P19793,P48443,0.7580993520518359
P32322,Q96C36,0.853125
Q9UDX4,O76054,0.7791563275434243
Q9UDX4,Q9UDX3,0.7192118226600985
P43116,Q13258,0.5376044568245125
P43116,P43119,0.5207253886010362
P06280,P17050,0.5337995337995338
P02787,P02788,0.647887323943662
P04746,P19961,0.9882583170254403
Q96PR1,Q03721,0.7084639498432602
Q96PR1,Q14003,0.5852047556142669
Q96PR1,P48547,0.658307210031348
Q8TDS4,P49019,0.8940568475452196
Q9H015,O76082,0.7845601436265709
P41146,P41143,0.5779569892473119
P41146,P35372,0.55
P41146,P41145,0.5921052631578947
P09622,P18925,0.5304518664047151
P09622,P14218,0.5265225933202358
P15538,P19099,0.9363817097415507
Q08881,P42681,0.535483870967742
Q08881,P51813,0.5259259259259259
Q08881,P42680,0.6212361331220285
Q08881,Q06187,0.5584218512898331
Q14721,Q92953,0.6915477497255763
P78417,Q9H4Y5,0.6748971193415638
Q9Y2H1,Q15208,0.8774193548387097
Q12852,O43283,0.5807453416149069
Q969I6,Q99624,0.5758683729433273
Q969I6,Q96QD8,0.6307129798903108
Q969I6,Q9H2H9,0.5411334552102377
P53779,P45983,0.8448275862068966
P53779,P45984,0.7866379310344828
Q9NRX3,O00483,0.6551724137931034
O00763,Q13085,0.7363710333604556
Q9UI33,Q15858,0.5563380281690141
Q9UI33,Q99250,0.5551122194513716
Q9UI33,Q14524,0.5649801587301587
Q9UI33,P35499,0.5806100217864923
Q9UI33,P35498,0.5450472872075659
Q9UI33,Q9Y5Y9,0.5797546012269938
Q9UI33,Q9UQD0,0.5545454545454546
Q9UI33,Q9NY46,0.554
P21890,P58558,0.9931818181818182
